{
  "rmse": 6.441974391695537,
  "mae": 4.729670097906336,
  "coverage_95": 0.937473860309494,
  "avg_interval_width": 25.31954459590141,
  "std_interval_width": 0.3844568916445083
}