{
  "rmse": 7.824356094572724,
  "mae": 5.051227588444425,
  "r2": 0.9400503544030616
}